{
  "Model": "LinearRegression",
  "MAE": 801.9657723565797,
  "RMSE": 1187.4349828291965,
  "R2": 0.9904590771823459
}